이름,전투력,군단명,공지방,자유방,활약도
물속에퐁당,6746461,1군단,O,O, 굉장한 활약
바라미,6709136,1군단,O,O, 굉장한 활약
가후,6655373,1군단,O,, 굉장한 활약
진쌍호,6574090,1군단,O,, 굉장한 활약
르쿠,6230826,1군단,O,O, 굉장한 활약
비룡승천,6227508,1군단,O,O, 굉장한 활약
로킷,6186882,1군단,O,, 굉장한 활약
메타트론,6145831,1군단,O,O, 굉장한 활약
호우호우,6131639,1군단,O,O, 굉장한 활약
충심,6129298,1군단,O,, 굉장한 활약
신,6120536,1군단,O,O, 굉장한 활약
불량싸부,6090621,1군단,O,O, 굉장한 활약
호구왕,6087261,1군단,O,O, 굉장한 활약
만월신교,5955774,1군단,O,O, 굉장한 활약
다온,5937442,1군단,O,O, 굉장한 활약
양볼에사탕,5891233,1군단,O,O, 굉장한 활약
등애,5865473,1군단,O,, 굉장한 활약
한끗,5863655,1군단,O,, 굉장한 활약
로,5842113,1군단,O,O, 굉장한 활약
섭,5833514,1군단,,, 굉장한 활약
사랑,5779031,1군단,O,O, 굉장한 활약
홍길동,5741951,1군단,O,O, 굉장한 활약
이강,5738238,1군단,O,O, 굉장한 활약
비산동불주먹,5710036,1군단,O,O, 굉장한 활약
모야아라,5707387,1군단,O,O, 굉장한 활약
정도전,5700589,1군단,O,O, 굉장한 활약
지노,5666133,1군단,O,O, 굉장한 활약
달래,5665195,1군단,O,O, 굉장한 활약
Noswar,5650291,1군단,,, 굉장한 활약
와일드타세,5618245,1군단,O,O, 굉장한 활약
chil sun,5600649,1군단,O,O, 굉장한 활약
불불이,5598565,1군단,O,O, 굉장한 활약
돈중중,5576997,1군단,O,O, 굉장한 활약
CHROME,5571536,1군단,O,O, 굉장한 활약
히우,5561014,1군단,,, 굉장한 활약
푸라면,5544080,1군단,O,O, 굉장한 활약
장료,5538289,1군단,O,O, 굉장한 활약
주머니,5529002,1군단,O,O, 굉장한 활약
노바써니,5495524,1군단,O,O, 굉장한 활약
솔솔,5490179,1군단,O,O, 굉장한 활약
바리썬,5484799,1군단,O,O, 굉장한 활약
스페이스X,5481302,1군단,O,O, 굉장한 활약
논먹,5467009,1군단,O,O, 굉장한 활약
기츄만만세,5465843,1군단,O,, 굉장한 활약
앙재빵,5452520,1군단,O,, 굉장한 활약
체포하라,5439936,1군단,O,, 굉장한 활약
조인성팬,5426511,1군단,O,, 굉장한 활약
김성철,5420543,1군단,O,O, 굉장한 활약
E Wayne,5373307,1군단,,, 굉장한 활약
나를찾지마,5370211,1군단,O,O, 굉장한 활약
코코샤넬,5366922,1군단,O,O, 굉장한 활약
김케이,5354005,1군단,O,O, 굉장한 활약
슬로우조깅,5344888,1군단,O,O, 굉장한 활약
스투키,5337069,1군단,O,O, 굉장한 활약
존슨,5323908,1군단,O,, 굉장한 활약
부타베이비,5303792,1군단,,, 굉장한 활약
률버미,5298699,1군단,O,O, 굉장한 활약
번개맨,5296383,1군단,O,O, 굉장한 활약
행복한바보,5273178,1군단,O,O, 굉장한 활약
위용위용,5271359,1군단,O,O, 굉장한 활약
물프레,5253817,2군단,,, 굉장한 활약
히리,5261154,2군단,O,O, 굉장한 활약
건담,5254319,2군단,O,O, 굉장한 활약
질러,5246590,2군단,O,O, 굉장한 활약
우럭아그만우럭,5245032,2군단,O,O, 굉장한 활약
전장가이,5237990,2군단,O,O, 굉장한 활약
동방불패,5224937,2군단,O,, 굉장한 활약
도리,5212038,2군단,O,O, 굉장한 활약
퐝상,5202038,2군단,O,O, 굉장한 활약
탕탕,5195673,2군단,O,O, 굉장한 활약
파우더,5182333,2군단,O,, 매우 활약
게껍덱스,5178458,2군단,O,, 굉장한 활약
나인걸,5175509,2군단,O,O, 굉장한 활약
상산조운,5174658,2군단,O,O, 굉장한 활약
아스트리안,5173143,2군단,O,O, 굉장한 활약
라피르,5168680,2군단,,, 굉장한 활약
그냥새우깡,5167202,2군단,O,O, 굉장한 활약
사도천무,5166827,2군단,O,O, 굉장한 활약
탐나요,5165977,2군단,,, 굉장한 활약
Rhythm,5158870,2군단,O,, 굉장한 활약
기념일,5147260,2군단,O,O, 굉장한 활약
해무해무,5142209,2군단,O,, 굉장한 활약
일각,5140609,2군단,O,, 굉장한 활약
하루,5139283,2군단,O,O, 굉장한 활약
나는야나무꾼,5134083,2군단,O,O, 굉장한 활약
청룡,5127464,2군단,O,, 굉장한 활약
채원쟁이,5117488,2군단,O,O, 굉장한 활약
무상,5116118,2군단,O,, 굉장한 활약
요소하렴,5090653,2군단,O,O, 굉장한 활약
팔없는둘째누나,5086405,2군단,O,O, 굉장한 활약
주식화백,5079610,2군단,O,, 굉장한 활약
stevekim,5078850,2군단,O,O, 굉장한 활약
남극준노아,5076859,2군단,O,O, 굉장한 활약
하운드,5069157,2군단,,O, 굉장한 활약
홍시,5054520,2군단,O,O, 굉장한 활약
달불꽃자모,5042776,2군단,O,O, 굉장한 활약
LuckyBoy,5037060,2군단,,, 굉장한 활약
피카손,5034082,2군단,O,O, 매우 활약
세뇨르핑크,5024912,2군단,O,, 매우 활약
도미노피자,5021373,2군단,O,O, 굉장한 활약
카카,5018677,2군단,O,, 굉장한 활약
대구전세버스,5017374,2군단,O,, 굉장한 활약
흙형,5014363,2군단,,, 굉장한 활약
아조,5012959,2군단,O,O, 굉장한 활약
안프로,5010327,2군단,O,O, 굉장한 활약
밍밍이,5009570,2군단,O,, 굉장한 활약
멍키,4994724,2군단,O,, 굉장한 활약
나인맨,4987126,2군단,,, 굉장한 활약
똘킹라이킹,4981650,2군단,O,, 굉장한 활약
율솜,4963170,2군단,O,, 굉장한 활약
단디해라,4957401,2군단,,O, 굉장한 활약
쁑쁑,4925177,2군단,O,, 굉장한 활약
천사,4914858,2군단,O,, 굉장한 활약
이쁘니까,4905594,2군단,O,, 굉장한 활약
동파육,4903634,2군단,O,, 굉장한 활약
든든한한끼,4885595,2군단,O,O, 굉장한 활약
태자담덕,4881982,2군단,O,O, 굉장한 활약
Oxypetalum,4881271,2군단,O,O, 굉장한 활약
태규,4876459,2군단,O,O, 굉장한 활약
만수탕,4876314,2군단,O,, 굉장한 활약
우다다,4875692,3군단,,, 굉장한 활약
연숙수입니다,4856808,3군단,O,, 굉장한 활약
연소아마존,4846649,3군단,O,O, 굉장한 활약
막강한,4846240,3군단,O,, 굉장한 활약
처라니야,4835260,3군단,O,, 굉장한 활약
한고은,4832752,3군단,O,, 굉장한 활약
아찌뉨,4832752,3군단,O,O, 굉장한 활약
[악마A]무찌,4818689,3군단,O,O, 매우 활약
이유한,4817748,3군단,O,, 굉장한 활약
금성주인,4815669,3군단,O,, 굉장한 활약
어르돈,4813525,3군단,O,, 굉장한 활약
짬타이거,4808730,3군단,O,O, 굉장한 활약
밤디밤은,4788950,3군단,O,, 굉장한 활약
빠따,4788029,3군단,O,O, 굉장한 활약
술사여하,4783823,3군단,O,O, 굉장한 활약
코카콜라,4781259,3군단,O,, 굉장한 활약
유림파파,4780900,3군단,O,, 굉장한 활약
??????,4779392,3군단,,, 굉장한 활약
빛,4778267,3군단,O,O, 굉장한 활약
외침,4769583,3군단,O,, 굉장한 활약
머슴,4765970,3군단,O,O, 굉장한 활약
베르,4758201,3군단,O,O, 굉장한 활약
후추,4755764,3군단,O,O, 매우 활약
시라소니,4749508,3군단,O,O, 굉장한 활약
욱스,4735837,3군단,O,O, 굉장한 활약
아마존활명수,4732712,3군단,O,O, 굉장한 활약
영구,4725055,3군단,O,O, 굉장한 활약
둉이,4717370,3군단,O,O, 굉장한 활약
시연이아빠,4698580,3군단,O,, 굉장한 활약
해,4686408,3군단,O,O, 매우 활약
선우재,4683524,3군단,O,, 굉장한 활약
초선,4681382,3군단,O,O, 굉장한 활약
지혜일파,4650860,3군단,O,O, 굉장한 활약
열한저미,4647878,3군단,O,O, 굉장한 활약
슈퍼맨2,4620114,3군단,O,, 굉장한 활약
요리조리,4610655,3군단,O,, 굉장한 활약
尺aja,4601601,3군단,,, 굉장한 활약
Son,4600267,3군단,O,, 굉장한 활약
발광개,4590206,3군단,O,, 굉장한 활약
폭풍우,4588180,3군단,O,, 굉장한 활약
HackerWeldo,4578568,3군단,,O, 굉장한 활약
소발바닥,4563799,3군단,O,, 굉장한 활약
CK,4556338,3군단,O,O, 굉장한 활약
체,4554472,3군단,O,O, 굉장한 활약
테스형,4545254,3군단,O,O, 굉장한 활약
태황제,4533858,3군단,O,O, 굉장한 활약
계란말이,4523840,3군단,O,, 굉장한 활약
갈장군,4517710,3군단,O,O, 굉장한 활약
아저씨,4506066,3군단,O,O, 굉장한 활약
섭서비,4497804,3군단,O,O, 굉장한 활약
금쟁이,4491141,3군단,O,O, 굉장한 활약
언양방맹이,4486256,3군단,O,O, 굉장한 활약
재하재이부군,4483099,3군단,O,O, 굉장한 활약
마하,4477752,3군단,O,O, 굉장한 활약
칠산청년,4475488,3군단,O,O, 굉장한 활약
제갈공기,4469663,3군단,O,O, 굉장한 활약
패피토미,4462480,3군단,O,, 굉장한 활약
아나르,4462419,3군단,O,O, 굉장한 활약
후리자,4427716,3군단,O,, 굉장한 활약
비인,4427281,3군단,O,O, 굉장한 활약
Anubis,4417253,4군단,,, 굉장한 활약
리리,4415351,4군단,O,, 굉장한 활약
코비,4405226,4군단,O,, 굉장한 활약
살해파티,4404433,4군단,O,, 굉장한 활약
족발,4401617,4군단,O,O, 굉장한 활약
달을베어먹는새,4382187,4군단,O,O, 굉장한 활약
천군,4377482,4군단,O,O, 굉장한 활약
소금빵,4365508,4군단,O,, 굉장한 활약
크로노,4361493,4군단,O,, 굉장한 활약
서현아빠,4360805,4군단,O,O, 굉장한 활약
인생은베리,4352189,4군단,O,O, 굉장한 활약
설원,4341032,4군단,O,, 굉장한 활약
워터월드,4333510,4군단,O,, 굉장한 활약
목욕탕사장,4332644,4군단,O,, 굉장한 활약
도로시짱,4313158,4군단,O,O, 굉장한 활약
족발보쌈군,4246370,4군단,O,O, 매우 활약
로보트태권브이,4235332,4군단,O,, 굉장한 활약
희망까망,4231134,4군단,O,O, 굉장한 활약
달빛,4225266,4군단,O,, 굉장한 활약
란스코어,4163997,4군단,O,, 굉장한 활약
호빵,4161570,4군단,O,O, 굉장한 활약
총자황,4153020,4군단,O,O, 굉장한 활약
소다무,4132117,4군단,O,O, 굉장한 활약
해사랑,4122917,4군단,O,, 굉장한 활약
이수교차로,4106428,4군단,O,O, 굉장한 활약
오아이,4073827,4군단,,, 굉장한 활약
동키,4072045,4군단,O,O, 굉장한 활약
마도패황,4063667,4군단,O,O, 굉장한 활약
쿠니요,4062902,4군단,O,O, 굉장한 활약
stellasy,4058998,4군단,O,O, 굉장한 활약
끄응,4047162,4군단,O,O, 굉장한 활약
?爾,4046381,4군단,,, 굉장한 활약
앙크라이,4042155,4군단,O,O, 굉장한 활약
문탱이,4021768,4군단,O,, 굉장한 활약
아키,4019530,4군단,O,O, 굉장한 활약
두,4006898,4군단,O,O, 굉장한 활약
양이,4005253,4군단,O,O, 굉장한 활약
재현승현빠,3993037,4군단,O,, 굉장한 활약
혈흔,3988059,4군단,O,, 굉장한 활약
돔,3987921,4군단,,, 굉장한 활약
까칠한자슥,3974841,4군단,O,O, 굉장한 활약
불나방,3946441,4군단,O,O, 굉장한 활약
rain,3934429,4군단,O,, 굉장한 활약
환,3877853,4군단,,, 활약
Jacob,3860213,4군단,O,O, 굉장한 활약
뭘봐,3854819,4군단,O,O, 미활약
탈출,3833603,4군단,,, 굉장한 활약
뭐여,3790264,4군단,O,, 굉장한 활약
스바라시,3785250,4군단,O,O, 굉장한 활약
계륵,3778854,4군단,O,O, 굉장한 활약
Lucky,3778612,4군단,O,O, 굉장한 활약
날아라햄돌이,3772400,4군단,O,, 굉장한 활약
오리발,3755983,4군단,,, 굉장한 활약
비지세이비어,3744456,4군단,O,, 굉장한 활약
슈라자바오,3653006,4군단,,, 매우 활약
응가,3643315,4군단,O,, 굉장한 활약
박스형,3636825,4군단,O,O, 굉장한 활약
우기우기둥둥,3633367,4군단,O,O, 굉장한 활약
서초라이온,3617043,4군단,O,, 굉장한 활약
egr,3598344,4군단,O,O, 굉장한 활약
봄이 온다면,3473016,5군단,O,, 굉장한 활약
아이르,3472702,5군단,,, 굉장한 활약
대마이,3433167,5군단,O,, 굉장한 활약
증,3361587,5군단,O,, 굉장한 활약
앵커타민,3309913,5군단,O,O, 굉장한 활약
칡뿌리,3285127,5군단,O,, 굉장한 활약
무지개소년,3266038,5군단,,, 매우 활약
유비,3257659,5군단,O,O, 굉장한 활약
둘째가이또,3241823,5군단,O,, 미활약
원만,3165564,5군단,O,, 굉장한 활약
T03jendkancil,3154136,5군단,,, 굉장한 활약
DuaVoTri,3130377,5군단,,, 굉장한 활약
백란,3116237,5군단,O,, 굉장한 활약
류인,3113193,5군단,O,O, 굉장한 활약
Major,3109248,5군단,O,, 굉장한 활약
앙칼,3097530,5군단,O,O, 굉장한 활약
해태,3053517,5군단,O,, 굉장한 활약
阿勒,2980897,5군단,,, 굉장한 활약
Super돌쐬,2958763,5군단,O,O, 굉장한 활약
버거왕,2957897,5군단,O,, 굉장한 활약
구라명수,2946264,5군단,O,, 굉장한 활약
???怒的?夫,2857756,5군단,,, 굉장한 활약
동네짱돌,2780359,5군단,O,O, 굉장한 활약
1.23E+13,2769687,5군단,,, 굉장한 활약
까르끼께,2762245,5군단,O,O, 굉장한 활약
군자동주민,2752001,5군단,O,, 굉장한 활약
와타나베,2718912,5군단,O,, 굉장한 활약
훈벨롬,2688616,5군단,O,O, 굉장한 활약
타락곰돌,2680308,5군단,O,O, 굉장한 활약
라니여왕,2677845,5군단,O,, 굉장한 활약
가난한폴다훈,2670029,5군단,O,, 굉장한 활약
가는거야,2662752,5군단,O,, 굉장한 활약
짜파구리,2652717,5군단,O,, 굉장한 활약
꼴뵈긔,2645372,5군단,O,O, 굉장한 활약
바람에지는별,2636634,5군단,O,O, 굉장한 활약
데몬헌터스,2617410,5군단,O,, 굉장한 활약
데르비,2616670,5군단,O,, 굉장한 활약
골드빠,2613642,5군단,O,, 굉장한 활약
캣킴,2579601,5군단,O,O, 굉장한 활약
저메인드코,2577215,5군단,,, 굉장한 활약
몽유병바다빛,2562241,5군단,O,O, 굉장한 활약
퀀,2420911,5군단,O,, 매우 활약
박고상규범민,2390196,5군단,O,, 매우 활약
진셔니나,2363985,5군단,,, 굉장한 활약
회생신청,2347485,5군단,O,, 매우 활약
크드네,2343914,5군단,O,O, 굉장한 활약
아이진혼,2340361,5군단,,, 굉장한 활약
서호,2276598,5군단,,, 굉장한 활약
낙화,2255157,5군단,O,, 굉장한 활약
도도도,2247306,5군단,,, 굉장한 활약
호랑이,2239653,5군단,O,, 굉장한 활약
도담,2010504,5군단,,, 상당한 활약
진,2007434,5군단,O,, 굉장한 활약
냉믈리에,1964682,5군단,O,O, 굉장한 활약
바욜린,1932936,5군단,O,, 굉장한 활약
나스다온,1922351,5군단,O,, 굉장한 활약
제갈량,1871823,5군단,,, 매우 활약
하리보,1859193,5군단,O,, 굉장한 활약
일급이,1856983,5군단,O,, 활약
멸치헬창,1727752,5군단,O,O, 굉장한 활약
